File,LOC,SLOC-P,SLOC-L,MVG,BLOC,C&SLOC,CLOC,CWORD,HCLOC,HCWORD
D:\Automation\Tools\AutoLaunch_9_11_2014\AutoLaunch\AutomationClient\AboutWin.xaml.cs,256,165,90,16,26,0,65,421,0,0
D:\Automation\Tools\AutoLaunch_9_11_2014\AutoLaunch\AutomationClient\App.xaml.cs,11,7,3,0,1,0,3,9,0,0
D:\Automation\Tools\AutoLaunch_9_11_2014\AutoLaunch\AutomationClient\Class1.cs,6,6,2,0,0,0,0,0,0,0
D:\Automation\Tools\AutoLaunch_9_11_2014\AutoLaunch\AutomationClient\Designer.xaml.cs,462,346,198,27,56,3,60,219,0,0
D:\Automation\Tools\AutoLaunch_9_11_2014\AutoLaunch\AutomationClient\SerachUserControl.xaml.cs,96,77,47,2,16,0,3,9,0,0
D:\Automation\Tools\AutoLaunch_9_11_2014\AutoLaunch\AutomationClient\SettingsWindow.xaml.cs,51,43,29,0,5,0,3,9,0,0
D:\Automation\Tools\AutoLaunch_9_11_2014\AutoLaunch\AutomationClient\General\Folder.cs,139,109,69,8,25,2,5,29,0,0
D:\Automation\Tools\AutoLaunch_9_11_2014\AutoLaunch\AutomationClient\General\HelperClass.cs,220,190,112,30,29,3,1,14,0,0
D:\Automation\Tools\AutoLaunch_9_11_2014\AutoLaunch\AutomationClient\General\ModuleHelper.cs,138,106,67,32,32,0,0,0,0,0
D:\Automation\Tools\AutoLaunch_9_11_2014\AutoLaunch\AutomationClient\General\RelayCommand.cs,83,38,18,2,19,0,26,51,0,0
D:\Automation\Tools\AutoLaunch_9_11_2014\AutoLaunch\AutomationClient\General\SaveData.cs,87,67,45,4,19,3,1,20,0,0
D:\Automation\Tools\AutoLaunch_9_11_2014\AutoLaunch\AutomationClient\Models\DesignerViewModel.cs,908,751,467,98,141,22,16,236,0,0
D:\Automation\Tools\AutoLaunch_9_11_2014\AutoLaunch\AutomationClient\Models\GeneralViewModel.cs,162,119,92,21,43,0,0,0,0,0
D:\Automation\Tools\AutoLaunch_9_11_2014\AutoLaunch\AutomationClient\Models\IAutomationWindow.cs,7,7,3,0,0,0,0,0,0,0
D:\Automation\Tools\AutoLaunch_9_11_2014\AutoLaunch\AutomationClient\Models\IToolBox.cs,13,10,6,0,3,0,0,0,0,0
D:\Automation\Tools\AutoLaunch_9_11_2014\AutoLaunch\AutomationClient\Models\ObservableCollectionExt.cs,95,82,45,4,13,0,0,0,0,0
D:\Automation\Tools\AutoLaunch_9_11_2014\AutoLaunch\AutomationClient\Models\RadioBoolToIntConverter.cs,36,31,17,8,5,1,0,19,0,0
D:\Automation\Tools\AutoLaunch_9_11_2014\AutoLaunch\AutomationClient\Models\ViewModelBase.cs,54,31,15,1,9,0,14,57,0,0
D:\Automation\Tools\AutoLaunch_9_11_2014\AutoLaunch\AutomationClient\Models\Memento\Originator.cs,35,29,15,4,6,0,0,0,0,0
D:\Automation\Tools\AutoLaunch_9_11_2014\AutoLaunch\AutomationClient\obj\x86\Debug\AboutWin.g.cs,151,104,52,2,32,0,15,42,0,0
D:\Automation\Tools\AutoLaunch_9_11_2014\AutoLaunch\AutomationClient\obj\x86\Debug\AboutWin.g.i.cs,151,104,52,2,32,0,15,42,0,0
D:\Automation\Tools\AutoLaunch_9_11_2014\AutoLaunch\AutomationClient\obj\x86\Debug\App.g.cs,71,42,29,0,11,0,18,50,0,0
D:\Automation\Tools\AutoLaunch_9_11_2014\AutoLaunch\AutomationClient\obj\x86\Debug\App.g.i.cs,71,42,29,0,11,0,18,50,0,0
D:\Automation\Tools\AutoLaunch_9_11_2014\AutoLaunch\AutomationClient\obj\x86\Debug\AutoLunchToolBar.g.i.cs,89,59,36,2,15,0,15,42,0,0
D:\Automation\Tools\AutoLaunch_9_11_2014\AutoLaunch\AutomationClient\obj\x86\Debug\AutomationClient_Content.g.i.cs,14,2,0,0,4,1,8,30,0,1
D:\Automation\Tools\AutoLaunch_9_11_2014\AutoLaunch\AutomationClient\obj\x86\Debug\Designer.g.cs,668,483,195,9,170,0,15,42,0,0
D:\Automation\Tools\AutoLaunch_9_11_2014\AutoLaunch\AutomationClient\obj\x86\Debug\Designer.g.i.cs,668,483,195,9,170,0,15,42,0,0
D:\Automation\Tools\AutoLaunch_9_11_2014\AutoLaunch\AutomationClient\obj\x86\Debug\GeneratedInternalTypeHelper.g.cs,63,27,13,3,10,1,26,66,0,1
D:\Automation\Tools\AutoLaunch_9_11_2014\AutoLaunch\AutomationClient\obj\x86\Debug\GeneratedInternalTypeHelper.g.i.cs,63,27,13,3,10,1,26,66,0,1
D:\Automation\Tools\AutoLaunch_9_11_2014\AutoLaunch\AutomationClient\obj\x86\Debug\MainWindow.g.i.cs,111,75,42,2,21,0,15,42,0,0
D:\Automation\Tools\AutoLaunch_9_11_2014\AutoLaunch\AutomationClient\obj\x86\Debug\SerachUserControl.g.cs,175,120,56,2,40,0,15,42,0,0
D:\Automation\Tools\AutoLaunch_9_11_2014\AutoLaunch\AutomationClient\obj\x86\Debug\SerachUserControl.g.i.cs,175,120,56,2,40,0,15,42,0,0
D:\Automation\Tools\AutoLaunch_9_11_2014\AutoLaunch\AutomationClient\obj\x86\Debug\SettingsView.g.i.cs,76,49,33,1,12,0,15,42,0,0
D:\Automation\Tools\AutoLaunch_9_11_2014\AutoLaunch\AutomationClient\obj\x86\Debug\SettingsWindow.g.cs,207,144,66,2,48,0,15,42,0,0
D:\Automation\Tools\AutoLaunch_9_11_2014\AutoLaunch\AutomationClient\obj\x86\Debug\SettingsWindow.g.i.cs,207,144,66,2,48,0,15,42,0,0
D:\Automation\Tools\AutoLaunch_9_11_2014\AutoLaunch\AutomationClient\obj\x86\Debug\Views\AutoItUIView.g.cs,152,105,53,2,32,0,15,42,0,0
D:\Automation\Tools\AutoLaunch_9_11_2014\AutoLaunch\AutomationClient\obj\x86\Debug\Views\AutoItUIView.g.i.cs,152,105,53,2,32,0,15,42,0,0
D:\Automation\Tools\AutoLaunch_9_11_2014\AutoLaunch\AutomationClient\obj\x86\Debug\Views\ClockWin.g.i.cs,75,48,32,1,12,0,15,42,0,0
D:\Automation\Tools\AutoLaunch_9_11_2014\AutoLaunch\AutomationClient\obj\x86\Debug\Views\Command.g.i.cs,118,80,44,2,23,0,15,42,0,0
D:\Automation\Tools\AutoLaunch_9_11_2014\AutoLaunch\AutomationClient\obj\x86\Debug\Views\ConditionView.g.cs,130,89,47,2,26,0,15,42,0,0
D:\Automation\Tools\AutoLaunch_9_11_2014\AutoLaunch\AutomationClient\obj\x86\Debug\Views\ConditionView.g.i.cs,130,89,47,2,26,0,15,42,0,0
D:\Automation\Tools\AutoLaunch_9_11_2014\AutoLaunch\AutomationClient\obj\x86\Debug\Views\Copy of DateTimeView.g.i.cs,141,97,50,2,29,0,15,42,0,0
D:\Automation\Tools\AutoLaunch_9_11_2014\AutoLaunch\AutomationClient\obj\x86\Debug\Views\Copy of FileView.g.i.cs,147,101,51,2,31,0,15,42,0,0
D:\Automation\Tools\AutoLaunch_9_11_2014\AutoLaunch\AutomationClient\obj\x86\Debug\Views\Copy of Hr80PSView.g.i.cs,160,111,55,2,34,0,15,42,0,0
D:\Automation\Tools\AutoLaunch_9_11_2014\AutoLaunch\AutomationClient\obj\x86\Debug\Views\Copy of LableView.g.i.cs,136,93,48,2,28,0,15,42,0,0
D:\Automation\Tools\AutoLaunch_9_11_2014\AutoLaunch\AutomationClient\obj\x86\Debug\Views\Copy of ListActionView.g.i.cs,169,117,57,2,37,0,15,42,0,0
D:\Automation\Tools\AutoLaunch_9_11_2014\AutoLaunch\AutomationClient\obj\x86\Debug\Views\Copy of MotorControlerView.g.i.cs,147,101,51,2,31,0,15,42,0,0
D:\Automation\Tools\AutoLaunch_9_11_2014\AutoLaunch\AutomationClient\obj\x86\Debug\Views\Copy of PingView.g.i.cs,141,97,50,2,29,0,15,42,0,0
D:\Automation\Tools\AutoLaunch_9_11_2014\AutoLaunch\AutomationClient\obj\x86\Debug\Views\Copy of RelayControlView.g.i.cs,141,97,50,2,29,0,15,42,0,0
D:\Automation\Tools\AutoLaunch_9_11_2014\AutoLaunch\AutomationClient\obj\x86\Debug\Views\Copy of RunProgramView.g.i.cs,169,117,57,2,37,0,15,42,0,0
D:\Automation\Tools\AutoLaunch_9_11_2014\AutoLaunch\AutomationClient\obj\x86\Debug\Views\Copy of Sleep.g.i.cs,118,80,44,2,23,0,15,42,0,0
D:\Automation\Tools\AutoLaunch_9_11_2014\AutoLaunch\AutomationClient\obj\x86\Debug\Views\Copy of SqlitView.g.i.cs,152,105,53,2,32,0,15,42,0,0
D:\Automation\Tools\AutoLaunch_9_11_2014\AutoLaunch\AutomationClient\obj\x86\Debug\Views\Copy of TextManipulationView.g.i.cs,147,101,51,2,31,0,15,42,0,0
D:\Automation\Tools\AutoLaunch_9_11_2014\AutoLaunch\AutomationClient\obj\x86\Debug\Views\Copy of VariableView.g.i.cs,181,125,59,2,41,0,15,42,0,0
D:\Automation\Tools\AutoLaunch_9_11_2014\AutoLaunch\AutomationClient\obj\x86\Debug\Views\DateTimeView.g.cs,152,105,53,2,32,0,15,42,0,0
D:\Automation\Tools\AutoLaunch_9_11_2014\AutoLaunch\AutomationClient\obj\x86\Debug\Views\DateTimeView.g.i.cs,152,105,53,2,32,0,15,42,0,0
D:\Automation\Tools\AutoLaunch_9_11_2014\AutoLaunch\AutomationClient\obj\x86\Debug\Views\DictionaryActionView.g.cs,177,123,59,2,39,0,15,42,0,0
D:\Automation\Tools\AutoLaunch_9_11_2014\AutoLaunch\AutomationClient\obj\x86\Debug\Views\DictionaryActionView.g.i.cs,177,123,59,2,39,0,15,42,0,0
D:\Automation\Tools\AutoLaunch_9_11_2014\AutoLaunch\AutomationClient\obj\x86\Debug\Views\EmailView.g.cs,163,113,56,2,35,0,15,42,0,0
D:\Automation\Tools\AutoLaunch_9_11_2014\AutoLaunch\AutomationClient\obj\x86\Debug\Views\EmailView.g.i.cs,163,113,56,2,35,0,15,42,0,0
D:\Automation\Tools\AutoLaunch_9_11_2014\AutoLaunch\AutomationClient\obj\x86\Debug\Views\FileView.g.cs,147,101,51,2,31,0,15,42,0,0
D:\Automation\Tools\AutoLaunch_9_11_2014\AutoLaunch\AutomationClient\obj\x86\Debug\Views\FileView.g.i.cs,147,101,51,2,31,0,15,42,0,0
D:\Automation\Tools\AutoLaunch_9_11_2014\AutoLaunch\AutomationClient\obj\x86\Debug\Views\Hr80PSView.g.cs,160,111,55,2,34,0,15,42,0,0
D:\Automation\Tools\AutoLaunch_9_11_2014\AutoLaunch\AutomationClient\obj\x86\Debug\Views\Hr80PSView.g.i.cs,160,111,55,2,34,0,15,42,0,0
D:\Automation\Tools\AutoLaunch_9_11_2014\AutoLaunch\AutomationClient\obj\x86\Debug\Views\LableView.g.cs,136,93,48,2,28,0,15,42,0,0
D:\Automation\Tools\AutoLaunch_9_11_2014\AutoLaunch\AutomationClient\obj\x86\Debug\Views\LableView.g.i.cs,136,93,48,2,28,0,15,42,0,0
D:\Automation\Tools\AutoLaunch_9_11_2014\AutoLaunch\AutomationClient\obj\x86\Debug\Views\ListActionView.g.cs,169,117,57,2,37,0,15,42,0,0
D:\Automation\Tools\AutoLaunch_9_11_2014\AutoLaunch\AutomationClient\obj\x86\Debug\Views\ListActionView.g.i.cs,169,117,57,2,37,0,15,42,0,0
D:\Automation\Tools\AutoLaunch_9_11_2014\AutoLaunch\AutomationClient\obj\x86\Debug\Views\ListView.g.i.cs,181,125,59,2,41,0,15,42,0,0
D:\Automation\Tools\AutoLaunch_9_11_2014\AutoLaunch\AutomationClient\obj\x86\Debug\Views\MessageView.g.cs,119,81,44,2,23,0,15,42,0,0
D:\Automation\Tools\AutoLaunch_9_11_2014\AutoLaunch\AutomationClient\obj\x86\Debug\Views\MessageView.g.i.cs,119,81,44,2,23,0,15,42,0,0
D:\Automation\Tools\AutoLaunch_9_11_2014\AutoLaunch\AutomationClient\obj\x86\Debug\Views\MotorControlerView.g.cs,147,101,51,2,31,0,15,42,0,0
D:\Automation\Tools\AutoLaunch_9_11_2014\AutoLaunch\AutomationClient\obj\x86\Debug\Views\MotorControlerView.g.i.cs,147,101,51,2,31,0,15,42,0,0
D:\Automation\Tools\AutoLaunch_9_11_2014\AutoLaunch\AutomationClient\obj\x86\Debug\Views\PingView.g.cs,141,97,50,2,29,0,15,42,0,0
D:\Automation\Tools\AutoLaunch_9_11_2014\AutoLaunch\AutomationClient\obj\x86\Debug\Views\PingView.g.i.cs,141,97,50,2,29,0,15,42,0,0
D:\Automation\Tools\AutoLaunch_9_11_2014\AutoLaunch\AutomationClient\obj\x86\Debug\Views\RelayControlView.g.cs,147,101,51,2,31,0,15,42,0,0
D:\Automation\Tools\AutoLaunch_9_11_2014\AutoLaunch\AutomationClient\obj\x86\Debug\Views\RelayControlView.g.i.cs,147,101,51,2,31,0,15,42,0,0
D:\Automation\Tools\AutoLaunch_9_11_2014\AutoLaunch\AutomationClient\obj\x86\Debug\Views\Rs232View.g.cs,280,197,86,2,68,0,15,42,0,0
D:\Automation\Tools\AutoLaunch_9_11_2014\AutoLaunch\AutomationClient\obj\x86\Debug\Views\Rs232View.g.i.cs,280,197,86,2,68,0,15,42,0,0
D:\Automation\Tools\AutoLaunch_9_11_2014\AutoLaunch\AutomationClient\obj\x86\Debug\Views\RunProgram.g.i.cs,140,96,50,2,29,0,15,42,0,0
D:\Automation\Tools\AutoLaunch_9_11_2014\AutoLaunch\AutomationClient\obj\x86\Debug\Views\RunProgramView.g.cs,188,131,62,2,42,0,15,42,0,0
D:\Automation\Tools\AutoLaunch_9_11_2014\AutoLaunch\AutomationClient\obj\x86\Debug\Views\RunProgramView.g.i.cs,188,131,62,2,42,0,15,42,0,0
D:\Automation\Tools\AutoLaunch_9_11_2014\AutoLaunch\AutomationClient\obj\x86\Debug\Views\ScriptView.g.cs,175,121,58,2,39,0,15,42,0,0
D:\Automation\Tools\AutoLaunch_9_11_2014\AutoLaunch\AutomationClient\obj\x86\Debug\Views\ScriptView.g.i.cs,175,121,58,2,39,0,15,42,0,0
D:\Automation\Tools\AutoLaunch_9_11_2014\AutoLaunch\AutomationClient\obj\x86\Debug\Views\ServerComView.g.cs,160,111,55,2,34,0,15,42,0,0
D:\Automation\Tools\AutoLaunch_9_11_2014\AutoLaunch\AutomationClient\obj\x86\Debug\Views\ServerComView.g.i.cs,160,111,55,2,34,0,15,42,0,0
D:\Automation\Tools\AutoLaunch_9_11_2014\AutoLaunch\AutomationClient\obj\x86\Debug\Views\SettingsView.g.i.cs,163,112,55,2,36,0,15,42,0,0
D:\Automation\Tools\AutoLaunch_9_11_2014\AutoLaunch\AutomationClient\obj\x86\Debug\Views\SftpView.g.cs,163,113,56,2,35,0,15,42,0,0
D:\Automation\Tools\AutoLaunch_9_11_2014\AutoLaunch\AutomationClient\obj\x86\Debug\Views\SftpView.g.i.cs,163,113,56,2,35,0,15,42,0,0
D:\Automation\Tools\AutoLaunch_9_11_2014\AutoLaunch\AutomationClient\obj\x86\Debug\Views\Sleep.g.i.cs,118,80,44,2,23,0,15,42,0,0
D:\Automation\Tools\AutoLaunch_9_11_2014\AutoLaunch\AutomationClient\obj\x86\Debug\Views\SleepView.g.cs,119,81,44,2,23,0,15,42,0,0
D:\Automation\Tools\AutoLaunch_9_11_2014\AutoLaunch\AutomationClient\obj\x86\Debug\Views\SleepView.g.i.cs,119,81,44,2,23,0,15,42,0,0
D:\Automation\Tools\AutoLaunch_9_11_2014\AutoLaunch\AutomationClient\obj\x86\Debug\Views\SqlitView.g.cs,152,105,53,2,32,0,15,42,0,0
D:\Automation\Tools\AutoLaunch_9_11_2014\AutoLaunch\AutomationClient\obj\x86\Debug\Views\SqlitView.g.i.cs,152,105,53,2,32,0,15,42,0,0
D:\Automation\Tools\AutoLaunch_9_11_2014\AutoLaunch\AutomationClient\obj\x86\Debug\Views\SshView.g.cs,169,117,57,2,37,0,15,42,0,0
D:\Automation\Tools\AutoLaunch_9_11_2014\AutoLaunch\AutomationClient\obj\x86\Debug\Views\SshView.g.i.cs,169,117,57,2,37,0,15,42,0,0
D:\Automation\Tools\AutoLaunch_9_11_2014\AutoLaunch\AutomationClient\obj\x86\Debug\Views\SwitchView.g.cs,236,165,74,2,56,0,15,42,0,0
D:\Automation\Tools\AutoLaunch_9_11_2014\AutoLaunch\AutomationClient\obj\x86\Debug\Views\SwitchView.g.i.cs,236,165,74,2,56,0,15,42,0,0
D:\Automation\Tools\AutoLaunch_9_11_2014\AutoLaunch\AutomationClient\obj\x86\Debug\Views\SystemView.g.cs,119,81,44,2,23,0,15,42,0,0
D:\Automation\Tools\AutoLaunch_9_11_2014\AutoLaunch\AutomationClient\obj\x86\Debug\Views\SystemView.g.i.cs,119,81,44,2,23,0,15,42,0,0
D:\Automation\Tools\AutoLaunch_9_11_2014\AutoLaunch\AutomationClient\obj\x86\Debug\Views\TableView.g.cs,174,121,59,2,38,0,15,42,0,0
D:\Automation\Tools\AutoLaunch_9_11_2014\AutoLaunch\AutomationClient\obj\x86\Debug\Views\TableView.g.i.cs,174,121,59,2,38,0,15,42,0,0
D:\Automation\Tools\AutoLaunch_9_11_2014\AutoLaunch\AutomationClient\obj\x86\Debug\Views\TelnetView.g.cs,152,105,53,2,32,0,15,42,0,0
D:\Automation\Tools\AutoLaunch_9_11_2014\AutoLaunch\AutomationClient\obj\x86\Debug\Views\TelnetView.g.i.cs,152,105,53,2,32,0,15,42,0,0
D:\Automation\Tools\AutoLaunch_9_11_2014\AutoLaunch\AutomationClient\obj\x86\Debug\Views\TextManipulationView.g.cs,158,109,54,2,34,0,15,42,0,0
D:\Automation\Tools\AutoLaunch_9_11_2014\AutoLaunch\AutomationClient\obj\x86\Debug\Views\TextManipulationView.g.i.cs,158,109,54,2,34,0,15,42,0,0
D:\Automation\Tools\AutoLaunch_9_11_2014\AutoLaunch\AutomationClient\obj\x86\Debug\Views\TimersView.g.cs,130,89,47,2,26,0,15,42,0,0
D:\Automation\Tools\AutoLaunch_9_11_2014\AutoLaunch\AutomationClient\obj\x86\Debug\Views\TimersView.g.i.cs,130,89,47,2,26,0,15,42,0,0
D:\Automation\Tools\AutoLaunch_9_11_2014\AutoLaunch\AutomationClient\obj\x86\Debug\Views\VariableView.g.cs,192,133,62,2,44,0,15,42,0,0
D:\Automation\Tools\AutoLaunch_9_11_2014\AutoLaunch\AutomationClient\obj\x86\Debug\Views\VariableView.g.i.cs,192,133,62,2,44,0,15,42,0,0
D:\Automation\Tools\AutoLaunch_9_11_2014\AutoLaunch\AutomationClient\obj\x86\Debug\Views\Wait.g.i.cs,76,49,33,1,12,0,15,42,0,0
D:\Automation\Tools\AutoLaunch_9_11_2014\AutoLaunch\AutomationClient\obj\x86\Debug\Views\Simulators\SshView.g.i.cs,169,117,57,2,37,0,15,42,0,0
D:\Automation\Tools\AutoLaunch_9_11_2014\AutoLaunch\AutomationClient\obj\x86\Debug\Views\Simulators\WayneSimView.g.cs,141,97,50,2,29,0,15,42,0,0
D:\Automation\Tools\AutoLaunch_9_11_2014\AutoLaunch\AutomationClient\obj\x86\Debug\Views\Simulators\WayneSimView.g.i.cs,141,97,50,2,29,0,15,42,0,0
D:\Automation\Tools\AutoLaunch_9_11_2014\AutoLaunch\AutomationClient\obj\x86\Release\AboutWin.g.cs,150,103,52,2,32,0,15,42,0,0
D:\Automation\Tools\AutoLaunch_9_11_2014\AutoLaunch\AutomationClient\obj\x86\Release\AboutWin.g.i.cs,150,103,52,2,32,0,15,42,0,0
D:\Automation\Tools\AutoLaunch_9_11_2014\AutoLaunch\AutomationClient\obj\x86\Release\App.g.cs,70,41,29,0,11,0,18,50,0,0
D:\Automation\Tools\AutoLaunch_9_11_2014\AutoLaunch\AutomationClient\obj\x86\Release\App.g.i.cs,70,41,29,0,11,0,18,50,0,0
D:\Automation\Tools\AutoLaunch_9_11_2014\AutoLaunch\AutomationClient\obj\x86\Release\AutoLunchToolBar.g.cs,89,59,36,2,15,0,15,42,0,0
D:\Automation\Tools\AutoLaunch_9_11_2014\AutoLaunch\AutomationClient\obj\x86\Release\AutoLunchToolBar.g.i.cs,89,59,36,2,15,0,15,42,0,0
D:\Automation\Tools\AutoLaunch_9_11_2014\AutoLaunch\AutomationClient\obj\x86\Release\AutomationClient_Content.g.i.cs,14,2,0,0,4,1,8,30,0,1
D:\Automation\Tools\AutoLaunch_9_11_2014\AutoLaunch\AutomationClient\obj\x86\Release\Designer.g.cs,325,229,97,2,81,0,15,42,0,0
D:\Automation\Tools\AutoLaunch_9_11_2014\AutoLaunch\AutomationClient\obj\x86\Release\Designer.g.i.cs,325,229,97,2,81,0,15,42,0,0
D:\Automation\Tools\AutoLaunch_9_11_2014\AutoLaunch\AutomationClient\obj\x86\Release\GeneratedInternalTypeHelper.g.cs,3,1,0,0,2,0,0,0,0,0
D:\Automation\Tools\AutoLaunch_9_11_2014\AutoLaunch\AutomationClient\obj\x86\Release\GeneratedInternalTypeHelper.g.i.cs,62,26,13,3,10,1,26,66,0,1
D:\Automation\Tools\AutoLaunch_9_11_2014\AutoLaunch\AutomationClient\obj\x86\Release\MainWindow.g.i.cs,111,75,42,2,21,0,15,42,0,0
D:\Automation\Tools\AutoLaunch_9_11_2014\AutoLaunch\AutomationClient\obj\x86\Release\Views\ClockWin.g.i.cs,75,48,32,1,12,0,15,42,0,0
D:\Automation\Tools\AutoLaunch_9_11_2014\AutoLaunch\AutomationClient\obj\x86\Release\Views\RunProgramView.g.cs,140,96,50,2,29,0,15,42,0,0
D:\Automation\Tools\AutoLaunch_9_11_2014\AutoLaunch\AutomationClient\obj\x86\Release\Views\RunProgramView.g.i.cs,140,96,50,2,29,0,15,42,0,0
D:\Automation\Tools\AutoLaunch_9_11_2014\AutoLaunch\AutomationClient\obj\x86\Release\Views\Sleep.g.cs,118,80,44,2,23,0,15,42,0,0
D:\Automation\Tools\AutoLaunch_9_11_2014\AutoLaunch\AutomationClient\obj\x86\Release\Views\Sleep.g.i.cs,118,80,44,2,23,0,15,42,0,0
D:\Automation\Tools\AutoLaunch_9_11_2014\AutoLaunch\AutomationClient\obj\x86\Release\Views\SleepView.g.cs,118,80,44,2,23,0,15,42,0,0
D:\Automation\Tools\AutoLaunch_9_11_2014\AutoLaunch\AutomationClient\obj\x86\Release\Views\SleepView.g.i.cs,118,80,44,2,23,0,15,42,0,0
D:\Automation\Tools\AutoLaunch_9_11_2014\AutoLaunch\AutomationClient\obj\x86\Release\Views\VariableView.g.cs,188,130,61,2,43,0,15,42,0,0
D:\Automation\Tools\AutoLaunch_9_11_2014\AutoLaunch\AutomationClient\obj\x86\Release\Views\VariableView.g.i.cs,188,130,61,2,43,0,15,42,0,0
D:\Automation\Tools\AutoLaunch_9_11_2014\AutoLaunch\AutomationClient\obj\x86\Release\Views\Wait.g.i.cs,107,73,42,3,19,0,15,42,0,0
D:\Automation\Tools\AutoLaunch_9_11_2014\AutoLaunch\AutomationClient\Properties\AssemblyInfo.cs,50,17,3,0,5,2,28,207,0,0
D:\Automation\Tools\AutoLaunch_9_11_2014\AutoLaunch\AutomationClient\Properties\Resources.Designer.cs,74,39,21,4,10,1,25,132,0,1
D:\Automation\Tools\AutoLaunch_9_11_2014\AutoLaunch\AutomationClient\Properties\Settings.Designer.cs,27,13,6,1,6,1,8,30,0,1
D:\Automation\Tools\AutoLaunch_9_11_2014\AutoLaunch\AutomationClient\Views\AutoItUIView.xaml.cs,42,38,27,1,4,0,0,0,0,0
D:\Automation\Tools\AutoLaunch_9_11_2014\AutoLaunch\AutomationClient\Views\ConditionView.xaml.cs,36,32,21,1,4,0,0,0,0,0
D:\Automation\Tools\AutoLaunch_9_11_2014\AutoLaunch\AutomationClient\Views\DateTimeView.xaml.cs,42,38,26,2,4,0,0,0,0,0
D:\Automation\Tools\AutoLaunch_9_11_2014\AutoLaunch\AutomationClient\Views\DictionaryActionView.xaml.cs,49,44,29,1,5,0,0,0,0,0
D:\Automation\Tools\AutoLaunch_9_11_2014\AutoLaunch\AutomationClient\Views\EmailView.xaml.cs,42,38,27,1,4,0,0,0,0,0
D:\Automation\Tools\AutoLaunch_9_11_2014\AutoLaunch\AutomationClient\Views\FileView.xaml.cs,66,59,34,5,7,0,0,0,0,0
D:\Automation\Tools\AutoLaunch_9_11_2014\AutoLaunch\AutomationClient\Views\Hr80PSView.xaml.cs,44,40,27,1,4,0,0,0,0,0
D:\Automation\Tools\AutoLaunch_9_11_2014\AutoLaunch\AutomationClient\Views\LableView.xaml.cs,59,53,33,3,6,0,0,0,0,0
D:\Automation\Tools\AutoLaunch_9_11_2014\AutoLaunch\AutomationClient\Views\ListActionView.xaml.cs,47,43,29,2,4,0,0,0,0,0
D:\Automation\Tools\AutoLaunch_9_11_2014\AutoLaunch\AutomationClient\Views\MessageView.xaml.cs,40,35,24,1,4,0,1,3,0,0
D:\Automation\Tools\AutoLaunch_9_11_2014\AutoLaunch\AutomationClient\Views\MotorControlerView.xaml.cs,47,43,28,2,4,0,0,0,0,0
D:\Automation\Tools\AutoLaunch_9_11_2014\AutoLaunch\AutomationClient\Views\PingView.xaml.cs,44,41,28,2,3,0,0,0,0,0
D:\Automation\Tools\AutoLaunch_9_11_2014\AutoLaunch\AutomationClient\Views\RelayControlView.xaml.cs,46,41,27,2,5,0,0,0,0,0
D:\Automation\Tools\AutoLaunch_9_11_2014\AutoLaunch\AutomationClient\Views\Rs232View.xaml.cs,123,111,67,6,12,0,0,0,0,0
D:\Automation\Tools\AutoLaunch_9_11_2014\AutoLaunch\AutomationClient\Views\RunProgramView.xaml.cs,68,59,39,3,6,0,3,9,0,0
D:\Automation\Tools\AutoLaunch_9_11_2014\AutoLaunch\AutomationClient\Views\ScriptView.xaml.cs,56,47,29,2,6,0,3,9,0,0
D:\Automation\Tools\AutoLaunch_9_11_2014\AutoLaunch\AutomationClient\Views\ServerComView.xaml.cs,52,40,27,1,4,0,8,47,0,0
D:\Automation\Tools\AutoLaunch_9_11_2014\AutoLaunch\AutomationClient\Views\SftpView.xaml.cs,42,38,27,1,4,0,0,0,0,0
D:\Automation\Tools\AutoLaunch_9_11_2014\AutoLaunch\AutomationClient\Views\SleepView.xaml.cs,35,29,17,1,3,0,3,9,0,0
D:\Automation\Tools\AutoLaunch_9_11_2014\AutoLaunch\AutomationClient\Views\SqlitView.xaml.cs,41,37,26,1,4,0,0,0,0,0
D:\Automation\Tools\AutoLaunch_9_11_2014\AutoLaunch\AutomationClient\Views\SshView.xaml.cs,54,47,32,1,7,0,0,0,0,0
D:\Automation\Tools\AutoLaunch_9_11_2014\AutoLaunch\AutomationClient\Views\SwitchView.xaml.cs,87,74,50,5,12,0,1,1,0,0
D:\Automation\Tools\AutoLaunch_9_11_2014\AutoLaunch\AutomationClient\Views\SystemView.xaml.cs,38,34,23,1,4,0,0,0,0,0
D:\Automation\Tools\AutoLaunch_9_11_2014\AutoLaunch\AutomationClient\Views\TableView.xaml.cs,44,39,28,1,5,0,0,0,0,0
D:\Automation\Tools\AutoLaunch_9_11_2014\AutoLaunch\AutomationClient\Views\TelnetView.xaml.cs,42,37,26,1,5,0,0,0,0,0
D:\Automation\Tools\AutoLaunch_9_11_2014\AutoLaunch\AutomationClient\Views\TextManipulationView.xaml.cs,78,67,43,8,8,0,3,18,0,0
D:\Automation\Tools\AutoLaunch_9_11_2014\AutoLaunch\AutomationClient\Views\TimersView.xaml.cs,38,34,23,1,4,0,0,0,0,0
D:\Automation\Tools\AutoLaunch_9_11_2014\AutoLaunch\AutomationClient\Views\VariableView.xaml.cs,119,103,58,12,16,1,0,19,0,0
D:\Automation\Tools\AutoLaunch_9_11_2014\AutoLaunch\AutomationClient\Views\Simulators\WayneSimView.xaml.cs,39,36,25,1,3,0,0,0,0,0
D:\Automation\Tools\AutoLaunch_9_11_2014\AutoLaunch\AutomationServer\AssemblyInfo.cs,58,19,5,0,11,2,28,208,0,0
D:\Automation\Tools\AutoLaunch_9_11_2014\AutoLaunch\AutomationServer\AutomationManager.cs,235,140,108,11,30,1,65,171,0,0
D:\Automation\Tools\AutoLaunch_9_11_2014\AutoLaunch\AutomationServer\StartUp.cs,15,13,7,0,2,0,0,0,0,0
D:\Automation\Tools\AutoLaunch_9_11_2014\AutoLaunch\AutomationServer\Actions\ActionBase.cs,83,66,47,4,17,3,0,4,0,0
D:\Automation\Tools\AutoLaunch_9_11_2014\AutoLaunch\AutomationServer\Actions\AutoItUiAction.cs,85,72,41,8,13,8,0,8,0,0
D:\Automation\Tools\AutoLaunch_9_11_2014\AutoLaunch\AutomationServer\Actions\ConditionAction.cs,108,59,33,3,13,6,36,88,0,0
D:\Automation\Tools\AutoLaunch_9_11_2014\AutoLaunch\AutomationServer\Actions\DateTimeAction.cs,133,111,63,13,21,8,1,18,0,0
D:\Automation\Tools\AutoLaunch_9_11_2014\AutoLaunch\AutomationServer\Actions\DictionaryAction.cs,177,150,88,21,27,10,0,10,0,0
D:\Automation\Tools\AutoLaunch_9_11_2014\AutoLaunch\AutomationServer\Actions\EmailAction.cs,66,54,36,0,12,5,0,5,0,0
D:\Automation\Tools\AutoLaunch_9_11_2014\AutoLaunch\AutomationServer\Actions\EnvironmentVariable.cs,75,62,37,4,12,6,1,10,0,0
D:\Automation\Tools\AutoLaunch_9_11_2014\AutoLaunch\AutomationServer\Actions\FileAction.cs,167,135,74,21,24,4,8,26,0,0
D:\Automation\Tools\AutoLaunch_9_11_2014\AutoLaunch\AutomationServer\Actions\ListAction.cs,204,152,89,24,33,11,19,82,0,0
D:\Automation\Tools\AutoLaunch_9_11_2014\AutoLaunch\AutomationServer\Actions\MessageAction.cs,76,64,38,4,11,4,1,6,0,0
D:\Automation\Tools\AutoLaunch_9_11_2014\AutoLaunch\AutomationServer\Actions\PingAction.cs,70,58,37,2,12,6,0,6,0,0
D:\Automation\Tools\AutoLaunch_9_11_2014\AutoLaunch\AutomationServer\Actions\RunProgram.cs,150,103,61,7,23,6,24,108,0,0
D:\Automation\Tools\AutoLaunch_9_11_2014\AutoLaunch\AutomationServer\Actions\ScriptAction.cs,231,74,45,5,36,4,121,388,0,0
D:\Automation\Tools\AutoLaunch_9_11_2014\AutoLaunch\AutomationServer\Actions\SftpAction.cs,163,125,81,16,26,12,12,148,0,0
D:\Automation\Tools\AutoLaunch_9_11_2014\AutoLaunch\AutomationServer\Actions\SleepAction.cs,120,82,52,4,17,0,21,72,0,0
D:\Automation\Tools\AutoLaunch_9_11_2014\AutoLaunch\AutomationServer\Actions\SqliteAction.cs,107,83,53,8,19,8,5,47,0,0
D:\Automation\Tools\AutoLaunch_9_11_2014\AutoLaunch\AutomationServer\Actions\SwitchAction.cs,94,77,50,6,14,6,3,18,0,0
D:\Automation\Tools\AutoLaunch_9_11_2014\AutoLaunch\AutomationServer\Actions\SystemAction.cs,73,62,35,5,11,1,0,1,0,0
D:\Automation\Tools\AutoLaunch_9_11_2014\AutoLaunch\AutomationServer\Actions\TableAction.cs,267,227,133,37,40,12,0,12,0,0
D:\Automation\Tools\AutoLaunch_9_11_2014\AutoLaunch\AutomationServer\Actions\TextManipulationAction.cs,548,434,247,58,77,8,37,149,0,0
D:\Automation\Tools\AutoLaunch_9_11_2014\AutoLaunch\AutomationServer\Actions\TimersAction.cs,133,116,67,13,17,2,0,2,0,0
D:\Automation\Tools\AutoLaunch_9_11_2014\AutoLaunch\AutomationServer\Actions\VariablesAction.cs,601,519,309,62,74,7,8,78,0,0
D:\Automation\Tools\AutoLaunch_9_11_2014\AutoLaunch\AutomationServer\Actions\GuiAutomation\WaynPump.cs,156,131,78,20,25,12,0,12,0,0
D:\Automation\Tools\AutoLaunch_9_11_2014\AutoLaunch\AutomationServer\Actions\Lable\Copy of LableAction.cs,68,44,23,3,11,1,13,37,0,0
D:\Automation\Tools\AutoLaunch_9_11_2014\AutoLaunch\AutomationServer\Actions\Lable\LableAction.cs,162,106,59,9,26,2,30,107,0,0
D:\Automation\Tools\AutoLaunch_9_11_2014\AutoLaunch\AutomationServer\Actions\RS232\AbstractSerialCommunication.cs,190,161,101,27,27,3,2,22,0,0
D:\Automation\Tools\AutoLaunch_9_11_2014\AutoLaunch\AutomationServer\Actions\RS232\MotorController.cs,301,255,152,44,35,21,11,202,0,0
D:\Automation\Tools\AutoLaunch_9_11_2014\AutoLaunch\AutomationServer\Actions\RS232\RelayControlAction.cs,188,150,86,20,28,6,10,71,0,0
D:\Automation\Tools\AutoLaunch_9_11_2014\AutoLaunch\AutomationServer\Actions\RS232\Rs232Action.cs,186,133,70,11,27,28,26,109,0,0
D:\Automation\Tools\AutoLaunch_9_11_2014\AutoLaunch\AutomationServer\Actions\RS232\Rs232Obj.cs,100,69,48,8,12,3,19,60,0,0
D:\Automation\Tools\AutoLaunch_9_11_2014\AutoLaunch\AutomationServer\Actions\SSH\SshAction.cs,144,123,67,13,21,10,0,10,0,0
D:\Automation\Tools\AutoLaunch_9_11_2014\AutoLaunch\AutomationServer\Actions\SSH\SshObj.cs,430,223,144,20,71,3,136,332,0,0
D:\Automation\Tools\AutoLaunch_9_11_2014\AutoLaunch\AutomationServer\Actions\Telent\Horison80PowerSupplyAction.cs,173,147,84,27,25,11,1,32,0,0
D:\Automation\Tools\AutoLaunch_9_11_2014\AutoLaunch\AutomationServer\Actions\Telent\ServerComAction.cs,274,118,73,12,44,9,112,289,0,0
D:\Automation\Tools\AutoLaunch_9_11_2014\AutoLaunch\AutomationServer\Actions\Telent\TelentAction.cs,118,99,57,12,19,8,0,8,0,0
D:\Automation\Tools\AutoLaunch_9_11_2014\AutoLaunch\AutomationServer\Actions\Telent\TelnetObj.cs,595,415,254,60,69,4,111,670,0,0
D:\Automation\Tools\AutoLaunch_9_11_2014\AutoLaunch\AutomationServer\Modules\ActionFactory.cs,135,105,68,31,30,0,0,0,0,0
D:\Automation\Tools\AutoLaunch_9_11_2014\AutoLaunch\AutomationServer\Modules\ActionHandler.cs,238,177,112,29,46,8,15,112,0,0
D:\Automation\Tools\AutoLaunch_9_11_2014\AutoLaunch\AutomationServer\Modules\AutoItGuiAutomationObj.cs,111,97,61,21,12,2,2,30,0,0
D:\Automation\Tools\AutoLaunch_9_11_2014\AutoLaunch\AutomationServer\Modules\FileHandler.cs,267,215,140,46,38,15,14,325,0,0
D:\Automation\Tools\AutoLaunch_9_11_2014\AutoLaunch\AutomationServer\Modules\FlowHandler.cs,68,28,14,4,8,0,32,87,0,0
D:\Automation\Tools\AutoLaunch_9_11_2014\AutoLaunch\AutomationServer\Modules\SavedData.cs,207,135,69,16,57,4,15,85,0,0
D:\Automation\Tools\AutoLaunch_9_11_2014\AutoLaunch\AutomationServer\Modules\ServerCommunication.cs,167,121,71,16,21,1,25,58,0,0
D:\Automation\Tools\AutoLaunch_9_11_2014\AutoLaunch\AutomationServer\Modules\TcpListener.cs,157,112,74,11,25,0,20,92,0,0
D:\Automation\Tools\AutoLaunch_9_11_2014\AutoLaunch\AutomationServer\Modules\Entities\ScriptObj.cs,257,211,132,34,32,5,14,144,0,0
D:\Automation\Tools\AutoLaunch_9_11_2014\AutoLaunch\AutomationServer\Modules\Entities\StepEntity.cs,87,74,46,5,13,0,0,0,0,0
D:\Automation\Tools\AutoLaunch_9_11_2014\AutoLaunch\AutomationServer\Modules\Entities\TestEntity.cs,83,67,47,4,12,0,4,26,0,0
D:\Automation\Tools\AutoLaunch_9_11_2014\AutoLaunch\AutomationServer\Modules\Entities\TestObj.cs,72,62,41,9,7,0,3,18,0,0
D:\Automation\Tools\AutoLaunch_9_11_2014\AutoLaunch\AutomationServer\Modules\Entities\TestSuite.cs,139,100,66,13,20,0,19,85,0,0
D:\Automation\Tools\AutoLaunch_9_11_2014\AutoLaunch\AutomationServer\Modules\Entities\TestSuiteEntity.cs,65,55,40,3,10,0,0,0,0,0
D:\Automation\Tools\AutoLaunch_9_11_2014\AutoLaunch\AutomationServer\Modules\Reports\HtmlReportGenerator.cs,272,223,154,33,40,9,9,82,0,0
D:\Automation\Tools\AutoLaunch_9_11_2014\AutoLaunch\AutomationServer\Modules\Reports\IReportGenerator.cs,7,7,3,0,0,0,0,0,0,0
D:\Automation\Tools\AutoLaunch_9_11_2014\AutoLaunch\AutomationServer\Modules\Reports\ReportManager.cs,18,15,7,1,2,0,1,4,0,0
D:\Automation\Tools\AutoLaunch_9_11_2014\AutoLaunch\AutomationServer\Properties\AssemblyInfo.cs,34,13,2,0,4,0,17,120,0,0
D:\Automation\Tools\AutoLaunch_9_11_2014\AutoLaunch\AutomationServer\Properties\Resources.Designer.cs,98,38,20,4,10,1,50,198,0,1
D:\Automation\Tools\AutoLaunch_9_11_2014\AutoLaunch\Common\AppSettings.cs,104,76,59,3,24,0,4,11,0,0
D:\Automation\Tools\AutoLaunch_9_11_2014\AutoLaunch\Common\AutoApp.cs,15,14,6,0,1,0,0,0,0,0
D:\Automation\Tools\AutoLaunch_9_11_2014\AutoLaunch\Common\AutoLogger.cs,324,178,107,6,40,1,106,296,0,0
D:\Automation\Tools\AutoLaunch_9_11_2014\AutoLaunch\Common\BreakpointObj.cs,92,78,42,4,13,0,1,4,0,0
D:\Automation\Tools\AutoLaunch_9_11_2014\AutoLaunch\Common\ClientReportMailBox.cs,54,44,29,3,9,3,1,19,0,0
D:\Automation\Tools\AutoLaunch_9_11_2014\AutoLaunch\Common\CommonHelper.cs,327,274,170,41,41,2,12,77,0,0
D:\Automation\Tools\AutoLaunch_9_11_2014\AutoLaunch\Common\Enums.cs,50,48,5,0,2,0,0,0,0,0
D:\Automation\Tools\AutoLaunch_9_11_2014\AutoLaunch\Common\ICommunication.cs,76,56,32,1,20,1,0,5,0,0
D:\Automation\Tools\AutoLaunch_9_11_2014\AutoLaunch\Common\Singleton.cs,80,56,29,5,9,0,15,68,0,0
D:\Automation\Tools\AutoLaunch_9_11_2014\AutoLaunch\Common\StaticFields.cs,34,28,22,0,2,1,4,37,0,0
D:\Automation\Tools\AutoLaunch_9_11_2014\AutoLaunch\Common\Properties\AssemblyInfo.cs,34,13,2,0,4,0,17,120,0,0
